FILENAME,DISEASE,RIDGE STRENGTH,SPOT COUNT,THICKNESS RATION
Acral Lentiginous Melanoma\10Screenshot 2025-10-25 234454.png,Acral Lentiginous Melanoma,499.3284833329686,2,1.0
Acral Lentiginous Melanoma\11Screenshot 2025-10-25 234637.png,Acral Lentiginous Melanoma,697.3468859877694,17,1.1145038167938932
Acral Lentiginous Melanoma\12Screenshot 2025-10-25 234821.png,Acral Lentiginous Melanoma,590.0219286969563,1,1.0
Acral Lentiginous Melanoma\13Screenshot 2025-10-25 234906.png,Acral Lentiginous Melanoma,671.8984694424123,17,0.9466666666666667
Acral Lentiginous Melanoma\14Screenshot 2025-10-25 235003.png,Acral Lentiginous Melanoma,532.1904777659628,8,1.0
Acral Lentiginous Melanoma\15Screenshot 2025-10-25 235214.png,Acral Lentiginous Melanoma,739.6076419160671,9,1.2347826086956522
Acral Lentiginous Melanoma\16Screenshot 2025-10-25 235330.png,Acral Lentiginous Melanoma,729.858707433645,5,1.0458015267175573
Acral Lentiginous Melanoma\17Screenshot 2025-10-25 235514.png,Acral Lentiginous Melanoma,466.1442740620754,8,1.0
Acral Lentiginous Melanoma\18Screenshot 2025-10-25 235547.png,Acral Lentiginous Melanoma,493.14085431735225,1,1.0
Acral Lentiginous Melanoma\19Screenshot 2025-10-25 235800.png,Acral Lentiginous Melanoma,516.181889224539,2,1.0
Acral Lentiginous Melanoma\1Screenshot 2025-10-25 233759.png,Acral Lentiginous Melanoma,429.46768638092436,4,1.1029411764705883
Acral Lentiginous Melanoma\20Screenshot 2025-10-25 235828.png,Acral Lentiginous Melanoma,537.203155327163,1,1.0
Acral Lentiginous Melanoma\21Screenshot 2025-10-26 000255.png,Acral Lentiginous Melanoma,461.4359405951064,1,1.0283687943262412
Acral Lentiginous Melanoma\22Screenshot 2025-10-26 000342.png,Acral Lentiginous Melanoma,497.6739881283621,1,1.0204081632653061
Acral Lentiginous Melanoma\23Screenshot 2025-10-26 000533.png,Acral Lentiginous Melanoma,419.10421991724854,2,1.0068027210884354
Acral Lentiginous Melanoma\24Screenshot 2025-10-26 000602.png,Acral Lentiginous Melanoma,273.42020136832605,9,1.4545454545454546
Acral Lentiginous Melanoma\25Screenshot 2025-10-26 000624.png,Acral Lentiginous Melanoma,415.5370730982671,3,1.1111111111111112
Acral Lentiginous Melanoma\26Screenshot 2025-10-26 000706.png,Acral Lentiginous Melanoma,242.89483094492803,3,1.079136690647482
Acral Lentiginous Melanoma\27Screenshot 2025-10-26 000742.png,Acral Lentiginous Melanoma,273.09594783361104,5,1.1904761904761905
Acral Lentiginous Melanoma\28Screenshot 2025-10-26 000848.png,Acral Lentiginous Melanoma,466.6185059980593,2,1.0
Acral Lentiginous Melanoma\29Screenshot 2025-10-26 000935.png,Acral Lentiginous Melanoma,487.72759720561316,1,1.0
Acral Lentiginous Melanoma\2Screenshot 2025-10-25 233903.png,Acral Lentiginous Melanoma,505.3565422229348,2,1.0
Acral Lentiginous Melanoma\30Screenshot 2025-10-26 001019.png,Acral Lentiginous Melanoma,321.87215579345485,3,1.1649484536082475
Acral Lentiginous Melanoma\31Screenshot 2025-10-26 001045.png,Acral Lentiginous Melanoma,549.5921708266618,6,1.5625
Acral Lentiginous Melanoma\32Screenshot 2025-10-26 001730.png,Acral Lentiginous Melanoma,387.0965443921374,4,1.6547619047619047
Acral Lentiginous Melanoma\33Screenshot 2025-10-26 001849.png,Acral Lentiginous Melanoma,376.76356199784533,1,1.0
Acral Lentiginous Melanoma\34Screenshot 2025-10-26 002106.png,Acral Lentiginous Melanoma,584.8165249563156,4,1.0419580419580419
Acral Lentiginous Melanoma\35Screenshot 2025-10-26 002156.png,Acral Lentiginous Melanoma,375.5458439861762,4,1.0
Acral Lentiginous Melanoma\3Screenshot 2025-10-25 233951.png,Acral Lentiginous Melanoma,527.3096799658194,6,2.027027027027027
Acral Lentiginous Melanoma\4Screenshot 2025-10-25 234053.png,Acral Lentiginous Melanoma,682.6525088366152,5,1.0204081632653061
Acral Lentiginous Melanoma\5Screenshot 2025-10-25 234132.png,Acral Lentiginous Melanoma,604.2189502465588,2,0.96
Acral Lentiginous Melanoma\6Screenshot 2025-10-25 234201.png,Acral Lentiginous Melanoma,816.1365460457961,13,1.094890510948905
Acral Lentiginous Melanoma\7Screenshot 2025-10-25 234240.png,Acral Lentiginous Melanoma,477.98440816928513,4,0.94
Acral Lentiginous Melanoma\8Screenshot 2025-10-25 234305.png,Acral Lentiginous Melanoma,465.321347165915,4,1.0
Acral Lentiginous Melanoma\9Screenshot 2025-10-25 234403.png,Acral Lentiginous Melanoma,463.7051569923896,8,1.0
Beau’s Lines\23_PNG_compressed_jpg.rf.7d40e87b9a4bc8cad436f7f47e460358.jpg,Beau’s Lines,243.06290616860176,2,0.8733333333333333
Beau’s Lines\24_PNG_emboss_jpg.rf.2dfb3407b5a44724d2b7aa4076c98b5c.jpg,Beau’s Lines,302.5105255193192,11,1.3513513513513513
Beau’s Lines\25_PNG_compressed_jpg.rf.7d0c51e36999b751b455604d582c3e3a.jpg,Beau’s Lines,399.14161590672416,6,1.0869565217391304
Beau’s Lines\26_PNG_compressed_jpg.rf.57e5d86689e873e80f8f4ef58e3e022e.jpg,Beau’s Lines,190.7178044457789,6,0.41333333333333333
Beau’s Lines\28_PNG_compressed_jpg.rf.0a5919329940b1a69c8bf3334668f6e7.jpg,Beau’s Lines,375.5337823361864,1,0.937984496124031
Beau’s Lines\30_PNG_emboss_jpg.rf.3a20ae6a4bacc8eebfbeec4a4a4337b7.jpg,Beau’s Lines,343.8668248640806,5,1.0638297872340425
Beau’s Lines\34_PNG_compressed_jpg.rf.45fd44552ae04411538d81e82aa35576.jpg,Beau’s Lines,654.4849982141942,10,0.8387096774193549
Beau’s Lines\35_PNG_compressed_jpg.rf.06c4f0a77bfa92da145253078d2d275c.jpg,Beau’s Lines,328.8086906213749,1,1.0
Beau’s Lines\36_PNG_compressed_jpg.rf.36dce270e1c33e491eabda2d23850e6c.jpg,Beau’s Lines,368.0616898682957,6,0.9933333333333333
Beau’s Lines\37_PNG_compressed_jpg.rf.74e818164ebe9e9f7975f9736f04d464.jpg,Beau’s Lines,503.07362180842574,7,0.6866666666666666
Beau’s Lines\38_PNG_compressed_jpg.rf.54514af306a020fa5ed3239fe8e25606.jpg,Beau’s Lines,487.13966556898464,5,0.9933333333333333
Beau’s Lines\39_PNG_compressed_jpg.rf.1fcb7bdaa452995345e43b73fcb9403a.jpg,Beau’s Lines,582.911389021032,3,1.0638297872340425
Beau’s Lines\40_PNG_compressed_jpg.rf.01da1c88d9fde1aa2394a582f311233b.jpg,Beau’s Lines,407.10558511068854,1,0.9866666666666667
Beau’s Lines\41_PNG_emboss_jpg.rf.66add5ed03f162dcec22e13052c7dbef.jpg,Beau’s Lines,428.5055943320639,1,0.9733333333333334
Beau’s Lines\42_PNG_compressed_jpg.rf.651a31a22f2cf19a189f1a52a58259e1.jpg,Beau’s Lines,475.40132223198464,2,1.121212121212121
Beau’s Lines\Beau-s_lines_compressed_jpg.rf.10408a75b6933a99431cc71aa22a38bd.jpg,Beau’s Lines,481.36182671086647,3,1.8823529411764706
Beau’s Lines\Screenshot 2025-10-25 222258.png,Beau’s Lines,646.2929603652348,5,1.1203007518796992
Beau’s Lines\Screenshot 2025-10-25 222320.png,Beau’s Lines,473.121054630988,1,1.0642857142857143
Beau’s Lines\Screenshot 2025-10-25 222333.png,Beau’s Lines,465.9798224263378,1,1.1538461538461537
Beau’s Lines\Screenshot 2025-10-25 222421.png,Beau’s Lines,507.5347549274165,8,0.4266666666666667
Beau’s Lines\Screenshot 2025-10-25 222428.png,Beau’s Lines,478.6973005092347,1,0.9862068965517241
Beau’s Lines\Screenshot 2025-10-25 222444.png,Beau’s Lines,599.0499841849302,4,0.9166666666666666
Beau’s Lines\Screenshot 2025-10-25 222518.png,Beau’s Lines,411.1000527925895,12,1.0708661417322836
Beau’s Lines\Screenshot 2025-10-25 222529.png,Beau’s Lines,760.4821691183504,33,1.0740740740740742
Beau’s Lines\Screenshot 2025-10-25 222538.png,Beau’s Lines,552.4983500813297,1,1.1487603305785123
Beau’s Lines\beaus-lines-11_compressed_jpg.rf.97396fd332c15dfbc4a4ea78ec71ea0a.jpg,Beau’s Lines,258.9983942937227,1,1.3541666666666667
Beau’s Lines\beaus-lines-12_gauss_jpg.rf.d45d29511f2dc88b2853bcfb322886f8.jpg,Beau’s Lines,529.0407414367613,1,0.9066666666666666
Beau’s Lines\beaus-lines-13_hflip_jpg.rf.76de304ae9e0761d10a0bf779f54c002.jpg,Beau’s Lines,542.0776666315614,2,1.0
Beau’s Lines\beaus-lines-14_compressed_jpg.rf.d22d45a09beab990154ac3480dc8b0ea.jpg,Beau’s Lines,527.2012185830873,1,0.96
Beau’s Lines\beaus-lines-4_gauss_jpg.rf.3571aaab31866114e51c25a0975d1238.jpg,Beau’s Lines,488.2311151457833,1,0.9710144927536232
Beau’s Lines\beaus-lines-5_compressed_jpg.rf.6ad0cb9b2322196d5495a67c94ad678e.jpg,Beau’s Lines,395.8363730989153,1,1.1029411764705883
Beau’s Lines\beaus-lines-6_emboss_jpg.rf.3af1c730811f57e5c21977448f8d5d39.jpg,Beau’s Lines,489.0680346929575,1,0.9411764705882353
Beau’s Lines\beaus-lines-7_compressed_jpg.rf.e0747cd02dad164cf812a717b0c7a532.jpg,Beau’s Lines,393.3068893285508,1,0.8540145985401459
Beau’s Lines\beaus-lines-8_emboss_jpg.rf.5dbfa1cfecb56cc9de86588ee2e22642.jpg,Beau’s Lines,340.02550817169725,1,0.9014084507042254
Beau’s Lines\beaus-lines-9_emboss_jpg.rf.6fac7c0f4d935e252fa9130070705b96.jpg,Beau’s Lines,630.3626028645872,2,1.094890510948905
Bluish Nail\Screenshot 2025-10-25 215433.png,Bluish Nail,421.8734093578509,1,1.0
Bluish Nail\Screenshot 2025-10-25 215440.png,Bluish Nail,379.4244317799955,4,1.0
Bluish Nail\Screenshot 2025-10-25 215512.png,Bluish Nail,349.24297173310384,3,0.9504132231404959
Bluish Nail\Screenshot 2025-10-25 215521.png,Bluish Nail,308.74780248193184,2,1.3508771929824561
Bluish Nail\Screenshot 2025-10-25 215529.png,Bluish Nail,275.71157940689335,2,1.0
Bluish Nail\Screenshot 2025-10-25 215734.png,Bluish Nail,267.3894877670069,5,0.9513888888888888
Bluish Nail\Screenshot 2025-10-25 215756.png,Bluish Nail,342.51763446232354,7,1.0757575757575757
Bluish Nail\Screenshot 2025-10-25 215813.png,Bluish Nail,277.07535274558876,3,0.9066666666666666
Bluish Nail\Screenshot 2025-10-25 215847.png,Bluish Nail,351.3814235046396,10,1.2195121951219512
Bluish Nail\Screenshot 2025-10-25 215855.png,Bluish Nail,301.9982415052044,3,1.4675324675324675
Bluish Nail\Screenshot 2025-10-25 215911.png,Bluish Nail,445.946696273182,11,0.9416058394160584
Bluish Nail\Screenshot 2025-10-25 215934.png,Bluish Nail,287.19661109802735,5,1.2990654205607477
Bluish Nail\Screenshot 2025-10-25 220003.png,Bluish Nail,382.73006295061913,3,1.048
Bluish Nail\Screenshot 2025-10-25 220017.png,Bluish Nail,338.16042004385366,2,1.3125
Bluish Nail\Screenshot 2025-10-25 220028.png,Bluish Nail,321.41976788783904,3,1.0
Bluish Nail\Screenshot 2025-10-25 220047.png,Bluish Nail,352.0277781292959,8,1.1274509803921569
Bluish Nail\Screenshot 2025-10-25 220104.png,Bluish Nail,355.1117062017848,7,0.9666666666666667
Bluish Nail\Screenshot 2025-10-25 220124.png,Bluish Nail,338.90219478890083,2,0.9466666666666667
Bluish Nail\Screenshot 2025-10-25 220136.png,Bluish Nail,244.85600424399013,1,1.0
Bluish Nail\Screenshot 2025-10-25 220146.png,Bluish Nail,471.6594899558336,1,1.1538461538461537
Bluish Nail\Screenshot 2025-10-25 220339.png,Bluish Nail,304.6555192821182,7,1.0
Bluish Nail\Screenshot 2025-10-25 220450.png,Bluish Nail,420.6550675691158,4,0.9318181818181818
Bluish Nail\Screenshot 2025-10-25 220528.png,Bluish Nail,372.62223971515687,1,0.9395973154362416
Bluish Nail\Screenshot 2025-10-25 220638.png,Bluish Nail,459.6386340301846,1,1.088
Bluish Nail\Screenshot 2025-10-25 220644.png,Bluish Nail,391.78075669056705,4,1.1904761904761905
Bluish Nail\Screenshot 2025-10-25 220833.png,Bluish Nail,396.71470935692497,5,0.32
Bluish Nail\Screenshot 2025-10-25 220918.png,Bluish Nail,330.82785354126645,3,1.4285714285714286
Bluish Nail\Screenshot 2025-10-25 220954.png,Bluish Nail,412.7228740428926,19,0.98
Bluish Nail\Screenshot 2025-10-25 221029.png,Bluish Nail,300.8751169836271,3,1.0
Bluish Nail\Screenshot 2025-10-25 221123.png,Bluish Nail,480.11627551656744,3,1.134453781512605
Bluish Nail\Screenshot 2025-10-25 221230.png,Bluish Nail,577.6773262588574,7,1.1896551724137931
Bluish Nail\Screenshot 2025-10-25 221316.png,Bluish Nail,296.7227520899812,10,0.7565217391304347
Bluish Nail\Screenshot 2025-10-25 221456.png,Bluish Nail,365.53025879823366,1,1.0275862068965518
Bluish Nail\Screenshot 2025-10-25 221625.png,Bluish Nail,394.716473188267,2,1.0866141732283465
Bluish Nail\Screenshot 2025-10-25 221634.png,Bluish Nail,310.60608170179006,1,1.0
Clubbing\Screenshot 2025-10-25 215510.png,Clubbing,386.6986349136043,3,1.1363636363636365
Clubbing\Screenshot 2025-10-25 215517.png,Clubbing,541.8884767300037,3,1.0
Clubbing\Screenshot 2025-10-25 215524.png,Clubbing,554.5568804538661,4,1.0
Clubbing\Screenshot 2025-10-25 215530.png,Clubbing,457.2169233238722,2,1.0
Clubbing\Screenshot 2025-10-25 215537.png,Clubbing,387.1793344963418,2,1.1904761904761905
Clubbing\Screenshot 2025-10-25 215549.png,Clubbing,706.3138003230018,4,1.0
Clubbing\Screenshot 2025-10-25 215738.png,Clubbing,628.7242389279488,6,0.8382352941176471
Clubbing\Screenshot 2025-10-25 215746.png,Clubbing,451.6356566184337,6,0.7066666666666667
Clubbing\Screenshot 2025-10-25 215751.png,Clubbing,436.4779204211934,1,1.0
Clubbing\Screenshot 2025-10-25 215805.png,Clubbing,579.1834627268435,2,1.4024390243902438
Clubbing\Screenshot 2025-10-25 215812.png,Clubbing,347.29278012859703,4,1.0
Clubbing\Screenshot 2025-10-25 215825.png,Clubbing,505.30844751392556,1,1.0
Clubbing\Screenshot 2025-10-25 215831.png,Clubbing,664.4184208033828,1,0.9733333333333334
Clubbing\Screenshot 2025-10-25 215844.png,Clubbing,462.92778156734977,4,1.1278195488721805
Clubbing\Screenshot 2025-10-25 215850.png,Clubbing,500.52659746168837,3,0.5866666666666667
Clubbing\Screenshot 2025-10-25 215920.png,Clubbing,361.81296717138804,8,0.717741935483871
Clubbing\Screenshot 2025-10-25 220024.png,Clubbing,619.6298566997956,1,1.056338028169014
Clubbing\Screenshot 2025-10-25 220034.png,Clubbing,517.8776994110721,3,0.6702127659574468
Clubbing\Screenshot 2025-10-25 220039.png,Clubbing,481.62937449030636,5,1.0
Clubbing\Screenshot 2025-10-25 220054.png,Clubbing,673.2292669486145,1,0.8478260869565217
Clubbing\Screenshot 2025-10-25 220136.png,Clubbing,463.3709151814055,4,1.0
Clubbing\Screenshot 2025-10-25 220145.png,Clubbing,495.10198566316177,3,0.8933333333333333
Clubbing\Screenshot 2025-10-25 220151.png,Clubbing,539.3086111955508,2,1.0
Clubbing\Screenshot 2025-10-25 220202.png,Clubbing,411.3870960323508,1,0.6423357664233577
Clubbing\Screenshot 2025-10-25 220212.png,Clubbing,308.965886345942,5,1.7826086956521738
Clubbing\Screenshot 2025-10-25 220222.png,Clubbing,691.1440896397852,12,0.76
Clubbing\Screenshot 2025-10-25 220233.png,Clubbing,546.9743344961101,29,0.86
Clubbing\Screenshot 2025-10-25 220245.png,Clubbing,609.6562900174627,7,0.9933333333333333
Clubbing\Screenshot 2025-10-25 220314.png,Clubbing,321.43920908384547,2,0.424
Clubbing\Screenshot 2025-10-25 220557.png,Clubbing,624.5254915440815,8,0.9259259259259259
Clubbing\Screenshot 2025-10-25 220614.png,Clubbing,526.414003412814,8,1.034965034965035
Clubbing\Screenshot 2025-10-25 220627.png,Clubbing,302.3023702792908,2,0.5933333333333334
Clubbing\Screenshot 2025-10-25 220636.png,Clubbing,336.5851156389418,6,0.8601398601398601
Clubbing\Screenshot 2025-10-25 220649.png,Clubbing,315.1250844949584,6,1.1111111111111112
Clubbing\Screenshot 2025-10-25 220700.png,Clubbing,324.28667987884654,8,0.8881118881118881
Healthy Nail\Screenshot 2025-10-25 223429.png,Healthy Nail,419.7867385875748,3,1.0140845070422535
Healthy Nail\Screenshot 2025-10-25 223438.png,Healthy Nail,352.4062690065853,3,0.9370629370629371
Healthy Nail\Screenshot 2025-10-25 223447.png,Healthy Nail,347.1844718673942,2,1.182608695652174
Healthy Nail\Screenshot 2025-10-25 223459.png,Healthy Nail,555.2831498431277,3,1.0
Healthy Nail\Screenshot 2025-10-25 223514.png,Healthy Nail,503.415192928345,5,1.0708661417322836
Healthy Nail\Screenshot 2025-10-25 223531.png,Healthy Nail,438.1079803867136,1,0.9733333333333334
Healthy Nail\Screenshot 2025-10-25 223541.png,Healthy Nail,404.9775044323882,1,1.1550387596899225
Healthy Nail\Screenshot 2025-10-25 223558.png,Healthy Nail,192.3285394817594,6,1.0222222222222221
Healthy Nail\Screenshot 2025-10-25 223607.png,Healthy Nail,210.4011805756388,2,1.0
Healthy Nail\Screenshot 2025-10-25 223625.png,Healthy Nail,614.8226885682072,6,1.180327868852459
Healthy Nail\h117_png_jpg.rf.9bdbc98ad2fc4a62ee0ee271a2b21899.jpg,Healthy Nail,537.0234932100938,2,0.9712230215827338
Healthy Nail\h122_png_jpg.rf.cb3997d22b151989b24664e26cabb9ea.jpg,Healthy Nail,368.79138760322,2,1.1278195488721805
Healthy Nail\h123_png_jpg.rf.5fe68efc8be11a40f56bbe8068aca536.jpg,Healthy Nail,433.15037313559776,4,1.1964285714285714
Healthy Nail\h127_png_jpg.rf.36b57651e95a17d14019d292d4d0153a.jpg,Healthy Nail,394.3670305439631,3,1.0
Healthy Nail\h130_png_jpg.rf.b9ee84e258dea1a4745499bee9f5390f.jpg,Healthy Nail,606.4323485700967,5,1.0214285714285714
Healthy Nail\h144_png_jpg.rf.9b2c8bbb71a55e6b7b563d25e4dca89c.jpg,Healthy Nail,434.0181101021449,4,1.0
Healthy Nail\h161_png_jpg.rf.392f46257344862d071f5aac09c2d31d.jpg,Healthy Nail,283.7972253488703,2,0.9310344827586207
Healthy Nail\h164_png_jpg.rf.f9a4db3098eed046a48ee9d34220ffc8.jpg,Healthy Nail,441.0558099047699,4,1.1229508196721312
Healthy Nail\h170_png_jpg.rf.a3d8557f0c476b106ac144c3ed9d3ced.jpg,Healthy Nail,353.6934808265888,1,1.0
Healthy Nail\h174_png_jpg.rf.715e87dd36d31f17956d88677e2d119b.jpg,Healthy Nail,485.36486373094124,3,0.8561643835616438
Healthy Nail\h178_png_jpg.rf.efa64ad7d51985b393a9b8714c314a09.jpg,Healthy Nail,373.10171586676114,3,0.8466666666666667
Healthy Nail\h183_png_jpg.rf.1456baedfb180ecb7b1432f44971d690.jpg,Healthy Nail,629.3947878611777,10,1.0866141732283465
Healthy Nail\h187_png_jpg.rf.4cab7ec002d9b8fd9966c158cfa3c635.jpg,Healthy Nail,737.1919410562444,2,1.0416666666666667
Healthy Nail\h190_png_jpg.rf.dc733905ad379e8310037561567f83ac.jpg,Healthy Nail,681.9465824293609,1,0.9266666666666666
Healthy Nail\h199_png_jpg.rf.d983f71587da0f9f3778aa03ea8e10a3.jpg,Healthy Nail,256.7816982812569,5,1.0
Healthy Nail\h206_png_jpg.rf.2d00f9d5891dab921c11f6f3b92529f0.jpg,Healthy Nail,434.3547098395134,12,1.8518518518518519
Healthy Nail\h209_png_jpg.rf.192f4e19298f136db7d387d46920fc91.jpg,Healthy Nail,461.92757597642924,4,1.0
Healthy Nail\h230_png_jpg.rf.03cd7794628ae7d36255b04514156b86.jpg,Healthy Nail,454.3915099863502,5,1.0403225806451613
Healthy Nail\h232_png_jpg.rf.2ce5cc57df66a1d9bdcac9e427c434ca.jpg,Healthy Nail,483.4479815090294,4,1.0344827586206897
Healthy Nail\h240_png_jpg.rf.9bcac92e55c55f9664c1dae467f873d5.jpg,Healthy Nail,578.128122761065,4,0.9624060150375939
Healthy Nail\h245_png_jpg.rf.4c60a53c27b1860f61ba27ec3ad68450.jpg,Healthy Nail,419.6537490577779,7,1.0135135135135136
Healthy Nail\h265_png_jpg.rf.8437a9ac75b36f823c92bad5d1626bb2.jpg,Healthy Nail,315.8371710813399,3,1.0
Healthy Nail\h267_png_jpg.rf.741a6925bbe17ce5cc9e936aae2a45b7.jpg,Healthy Nail,376.591546675503,4,1.0223880597014925
Healthy Nail\h276_png_jpg.rf.5b4f162bec75ef1fb1c8a0ae768c6a7d.jpg,Healthy Nail,396.46366843088504,11,0.8380281690140845
Healthy Nail\h94_png_jpg.rf.b01c7839a1a2186b2b5536eef16de8bb.jpg,Healthy Nail,389.2457690175588,3,1.0
Koilonychia\Screen-Shot-2021-11-16-at-10-00-11-PM_png_jpg.rf.8c4cc58f3ad5bea985980592dc554e01.jpg,Koilonychia,449.6950628104281,1,1.0495867768595042
Koilonychia\Screen-Shot-2021-11-16-at-10-00-15-PM_png_jpg.rf.f04ff74e9ac55dd18b5ddbacd4129534.jpg,Koilonychia,450.51346452584136,1,1.064748201438849
Koilonychia\Screen-Shot-2021-11-16-at-10-00-18-PM_png_jpg.rf.a2859b814add8919ff8b1b0b1d95e7e9.jpg,Koilonychia,507.2198154116306,3,0.9861111111111112
Koilonychia\Screen-Shot-2021-11-16-at-10-03-57-PM_png_jpg.rf.39f13a3452a040eeaa8653b8a5bdc64f.jpg,Koilonychia,385.54810999346194,10,1.3636363636363635
Koilonychia\Screen-Shot-2021-11-16-at-10-04-26-PM_png_jpg.rf.0b1ff13bfa186a823e9b43a345f4de97.jpg,Koilonychia,621.4579595014415,1,1.0
Koilonychia\Screen-Shot-2021-11-16-at-10-11-05-PM_png_jpg.rf.e99ab1bfb37cb6c0bd93bc3c7705436e.jpg,Koilonychia,622.8463216631433,1,0.9666666666666667
Koilonychia\Screen-Shot-2021-11-16-at-10-11-25-PM_png_jpg.rf.83e87ce8d6bed8f9200d15e10f34c22f.jpg,Koilonychia,491.89566944882125,1,0.9256198347107438
Koilonychia\Screen-Shot-2021-11-16-at-10-13-51-PM_png_jpg.rf.bfc406b9b3650c94206163cc399c2c03.jpg,Koilonychia,584.5779148308287,2,0.7730496453900709
Koilonychia\Screen-Shot-2021-11-16-at-10-14-30-PM_png_jpg.rf.13eae8106f5cf1d5a850a8394a900cbc.jpg,Koilonychia,515.5976506008967,3,0.94
Koilonychia\Screen-Shot-2021-11-16-at-9-52-31-PM_png_jpg.rf.13f7b75b93b5eb96fe455c786c2ef90b.jpg,Koilonychia,570.9312610266904,1,1.1194029850746268
Koilonychia\Screen-Shot-2021-11-16-at-9-52-49-PM_png_jpg.rf.41d42d9285141a19ca21d14159dac2dd.jpg,Koilonychia,494.3653786892763,7,0.9
Koilonychia\Screenshot 2025-10-10 at 4.16.41 PM.png,Koilonychia,624.2293503714694,6,1.1194029850746268
Koilonychia\Screenshot 2025-10-10 at 4.16.48 PM.png,Koilonychia,388.2924394132648,2,1.0
Koilonychia\Screenshot 2025-10-10 at 4.17.05 PM.png,Koilonychia,364.3615338296588,4,1.0
Koilonychia\Screenshot 2025-10-25 222002.png,Koilonychia,404.74874874071224,1,1.0714285714285714
Koilonychia\k107_png_jpg.rf.a47d8964e7e50f17e5139b31c1fbcde0.jpg,Koilonychia,504.4290476028643,5,1.0
Koilonychia\k109_png_jpg.rf.561465a81a242e56bc74b299d1ae7764.jpg,Koilonychia,340.18742801192644,2,1.0
Koilonychia\k110_png_jpg.rf.26846fca39d9ee9350144bed9a0391b9.jpg,Koilonychia,634.5257205153665,6,0.9
Koilonychia\k111_png_jpg.rf.ee30f161160096c4242797e8cf64f1b6.jpg,Koilonychia,486.31466390636814,4,1.0
Koilonychia\k135_png_jpg.rf.407fee7c4e23558ae4083fcf134ffcc9.jpg,Koilonychia,398.35201670834925,4,0.8315789473684211
Koilonychia\k143_png_jpg.rf.ba070176e7cd36269fb96ca510052afb.jpg,Koilonychia,471.7435189535292,1,0.927536231884058
Koilonychia\k155_png_jpg.rf.c1c1b60e86659c3fee0bc893c08c1ec4.jpg,Koilonychia,317.37215341741717,1,1.0
Koilonychia\k156_png_jpg.rf.eefa019461f1120330d63bdffdb70011.jpg,Koilonychia,344.3486927661703,1,1.0
Koilonychia\k179_png_jpg.rf.95261349670c58dca93929a18115de8e.jpg,Koilonychia,519.3635616444462,1,1.0
Koilonychia\k181_png_jpg.rf.afce345634c1029350d7d22ca18b245c.jpg,Koilonychia,648.6920328557047,21,0.9541984732824428
Koilonychia\k182_png_jpg.rf.52b98e34bb6ac6291fc825a34992065f.jpg,Koilonychia,485.72882504963263,1,1.1811023622047243
Koilonychia\k62_png_jpg.rf.8fb9779282b623a5d5dca93bad7517cb.jpg,Koilonychia,411.1334303511165,4,1.0
Koilonychia\k69_png_jpg.rf.9fdcd9aa0a347164e03f100394a31e6a.jpg,Koilonychia,578.3314069750104,1,1.1538461538461537
Koilonychia\k72_png_jpg.rf.961210d454464f52551f88bc4e9cbf19.jpg,Koilonychia,340.57602119206035,1,1.0
Koilonychia\k79_png_jpg.rf.491eca901e1869f1fdbfff8f4e151459.jpg,Koilonychia,571.6811443718342,1,0.92
Koilonychia\k81_png_jpg.rf.83b2e2aa0dced73e48fa432c74bbf764.jpg,Koilonychia,389.92966374394456,2,1.0
Koilonychia\k92_png_jpg.rf.d5fd5cc5684e52b220017bc68b63e5bd.jpg,Koilonychia,414.3804580475173,4,0.8115942028985508
Koilonychia\koilonychia-10_jpg.rf.c6ca614fe20b464cbbd7b6efcc889d6d.jpg,Koilonychia,650.2475778540835,5,1.0222222222222221
Koilonychia\koilonychia-1_jpg.rf.65d4b582044b499ddfc2785b5bbee81d.jpg,Koilonychia,401.33963100948233,1,1.2605042016806722
Koilonychia\koilonychia-9_jpg.rf.64274d492a067d96453ad836c0b13d51.jpg,Koilonychia,659.1222407988101,9,1.5402298850574712
Onychogryphosis\Screenshot 2025-10-25 210455.png,Onychogryphosis,813.8084163262092,8,1.094890510948905
Onychogryphosis\Screenshot 2025-10-25 210520.png,Onychogryphosis,739.4188482740506,15,1.3513513513513513
Onychogryphosis\Screenshot 2025-10-25 210530.png,Onychogryphosis,705.8073430216516,14,0.9927536231884058
Onychogryphosis\Screenshot 2025-10-25 210539.png,Onychogryphosis,644.7344705278026,7,0.88
Onychogryphosis\Screenshot 2025-10-25 210557.png,Onychogryphosis,864.7423424318471,10,1.0
Onychogryphosis\Screenshot 2025-10-25 210607.png,Onychogryphosis,852.1926091033638,13,1.2820512820512822
Onychogryphosis\Screenshot 2025-10-25 210617.png,Onychogryphosis,462.9577843551457,3,1.0
Onychogryphosis\Screenshot 2025-10-25 210627.png,Onychogryphosis,694.7203375130448,11,1.1666666666666667
Onychogryphosis\Screenshot 2025-10-25 210636.png,Onychogryphosis,517.5729654454926,4,1.1811023622047243
Onychogryphosis\Screenshot 2025-10-25 210645.png,Onychogryphosis,723.1398437272544,21,1.4705882352941178
Onychogryphosis\Screenshot 2025-10-25 210732.png,Onychogryphosis,800.8544976228118,10,0.7829457364341085
Onychogryphosis\Screenshot 2025-10-25 210743.png,Onychogryphosis,776.2433754382561,18,1.0326086956521738
Onychogryphosis\Screenshot 2025-10-25 210756.png,Onychogryphosis,506.9171873733862,3,2.027027027027027
Onychogryphosis\Screenshot 2025-10-25 210807.png,Onychogryphosis,431.3285467931186,11,0.9333333333333333
Onychogryphosis\Screenshot 2025-10-25 210820.png,Onychogryphosis,845.293115538812,5,1.0364963503649636
Onychogryphosis\Screenshot 2025-10-25 210908.png,Onychogryphosis,750.8831776636559,2,0.8333333333333334
Onychogryphosis\Screenshot 2025-10-25 210929.png,Onychogryphosis,689.1734348555622,16,1.2818181818181817
Onychogryphosis\Screenshot 2025-10-25 211036.png,Onychogryphosis,693.8042801597037,2,1.0
Onychogryphosis\Screenshot 2025-10-25 211103.png,Onychogryphosis,555.9120284931387,21,0.7476635514018691
Onychogryphosis\Screenshot 2025-10-25 211109.png,Onychogryphosis,531.4540435420157,4,1.3043478260869565
Onychogryphosis\Screenshot 2025-10-25 211117.png,Onychogryphosis,708.4248047906547,11,1.140495867768595
Onychogryphosis\Screenshot 2025-10-25 211213.png,Onychogryphosis,418.83828507356014,7,0.72
Onychogryphosis\Screenshot 2025-10-25 211222.png,Onychogryphosis,639.6821195003852,11,1.0
Onychogryphosis\Screenshot 2025-10-25 211237.png,Onychogryphosis,625.039107828086,4,0.9609375
Onychogryphosis\Screenshot 2025-10-25 211247.png,Onychogryphosis,948.0195421535852,3,1.0763358778625953
Onychogryphosis\Screenshot 2025-10-25 211259.png,Onychogryphosis,770.729593071402,10,3.1914893617021276
Onychogryphosis\Screenshot 2025-10-25 211330.png,Onychogryphosis,616.2323731478273,3,0.9533333333333334
Onychogryphosis\Screenshot 2025-10-25 211341.png,Onychogryphosis,597.5698083032794,5,0.9548872180451128
Onychogryphosis\Screenshot 2025-10-25 211352.png,Onychogryphosis,504.21885966855984,3,1.125
Onychogryphosis\Screenshot 2025-10-25 211411.png,Onychogryphosis,624.8861072695097,5,1.0
Onychogryphosis\Screenshot 2025-10-25 211453.png,Onychogryphosis,569.7214104405208,4,1.0273972602739727
Onychogryphosis\Screenshot 2025-10-25 211512.png,Onychogryphosis,442.74422714501554,4,1.0
Onychogryphosis\Screenshot 2025-10-25 211538.png,Onychogryphosis,814.1502551713967,1,0.9932885906040269
Onychogryphosis\Screenshot 2025-10-25 211545.png,Onychogryphosis,698.877708071849,6,1.3440860215053763
Onychogryphosis\Screenshot 2025-10-25 211554.png,Onychogryphosis,760.1631736481431,13,1.7045454545454546
Onychomycosis\distal-subungual-onychomycosis-11_jpg.rf.d48e4e34250b62a15fba2fdbe113410c.jpg,Onychomycosis,485.73967362233964,1,1.0
Onychomycosis\distal-subungual-onychomycosis-11_jpg.rf.f332a33fd67086b54741c18eb8d7b3af.jpg,Onychomycosis,440.0169535761468,1,1.0
Onychomycosis\distal-subungual-onychomycosis-12_jpg.rf.3d8ce7f1145b47ebfa23ed1bc956c212.jpg,Onychomycosis,451.8420951450507,1,0.9133333333333333
Onychomycosis\distal-subungual-onychomycosis-12_jpg.rf.6da02f8f81e3b713875e9ee48d21c4b7.jpg,Onychomycosis,437.0526246528972,1,0.92
Onychomycosis\distal-subungual-onychomycosis-12_jpg.rf.c44f96862ac96373afc6e0bd869aaa5f.jpg,Onychomycosis,428.78674691294316,1,0.9133333333333333
Onychomycosis\distal-subungual-onychomycosis-13_jpg.rf.673bffdd1960d330959ff5aa85183dc7.jpg,Onychomycosis,515.2128930337411,1,1.0522388059701493
Onychomycosis\distal-subungual-onychomycosis-13_jpg.rf.b777691fb17b8cbe038264ea89dbff3c.jpg,Onychomycosis,493.9167639688709,1,1.044776119402985
Onychomycosis\distal-subungual-onychomycosis-14_jpg.rf.0c11843ea830cc8b6384ee3b0164a655.jpg,Onychomycosis,534.9301560251369,1,1.1194029850746268
Onychomycosis\distal-subungual-onychomycosis-14_jpg.rf.b5dc4d33071f8c2fae02a4e73b5254b6.jpg,Onychomycosis,560.9873961579254,1,1.1194029850746268
Onychomycosis\distal-subungual-onychomycosis-15_jpg.rf.0d66c437c8469823211d6f918dc5d870.jpg,Onychomycosis,443.3025871000757,1,1.0869565217391304
Onychomycosis\distal-subungual-onychomycosis-15_jpg.rf.dd6ae69d23365ef7f654bdb0184e9e80.jpg,Onychomycosis,420.17264602969374,1,1.0869565217391304
Onychomycosis\distal-subungual-onychomycosis-16_jpg.rf.78114f42bb15ea91ccf06c83ec77835a.jpg,Onychomycosis,507.7253038237787,2,1.1111111111111112
Onychomycosis\distal-subungual-onychomycosis-16_jpg.rf.9b2012f059b1582941bb1730294e2c5b.jpg,Onychomycosis,478.9223797299501,2,1.1194029850746268
Onychomycosis\distal-subungual-onychomycosis-17_jpg.rf.4b7308be859933c7a043772cd24ad12e.jpg,Onychomycosis,455.186064195509,2,1.271186440677966
Onychomycosis\distal-subungual-onychomycosis-17_jpg.rf.7f2c60b033964c38beed51a1387b9dac.jpg,Onychomycosis,437.2151838587459,2,1.271186440677966
Onychomycosis\distal-subungual-onychomycosis-18_jpg.rf.260426078221e7a2cc7216607564f9fd.jpg,Onychomycosis,574.625872587607,2,1.1538461538461537
Onychomycosis\distal-subungual-onychomycosis-18_jpg.rf.b98695ebf8b4eeab3de0c7b0c5a4b31d.jpg,Onychomycosis,597.5660153734035,1,1.1538461538461537
Onychomycosis\distal-subungual-onychomycosis-18_jpg.rf.c2552787dafcb19638f3952da4f71180.jpg,Onychomycosis,562.5194020772626,1,1.1538461538461537
Onychomycosis\distal-subungual-onychomycosis-19_jpg.rf.66d0b9a85d9661a1e9451bac1dc3b399.jpg,Onychomycosis,545.2441604719436,2,1.1111111111111112
Onychomycosis\distal-subungual-onychomycosis-19_jpg.rf.d46ec1cb00e40b15a00f5d730ea2b69a.jpg,Onychomycosis,513.6022390571676,2,1.1194029850746268
Onychomycosis\distal-subungual-onychomycosis-20_jpg.rf.01c25b11f2d429784e48365b86b39f86.jpg,Onychomycosis,424.24360399564125,1,1.1278195488721805
Onychomycosis\distal-subungual-onychomycosis-20_jpg.rf.6e0ad71ba2a24ca734f28382d72f857c.jpg,Onychomycosis,443.75476618245557,1,1.1278195488721805
Onychomycosis\distal-subungual-onychomycosis-20_jpg.rf.c9e3816957bdbb90142e7df823b1870f.jpg,Onychomycosis,411.4104426701929,1,1.1278195488721805
Onychomycosis\distal-subungual-onychomycosis-21_jpg.rf.0f4bdcbde8d9256b28b6a1e1eddb2141.jpg,Onychomycosis,505.27444531055573,1,1.0638297872340425
Onychomycosis\distal-subungual-onychomycosis-21_jpg.rf.8eee158a22a16d3336a2c3e8199abf7f.jpg,Onychomycosis,556.8861604370662,1,1.0638297872340425
Onychomycosis\distal-subungual-onychomycosis-21_jpg.rf.e7628f7a59d328b9e593d9df90b15a70.jpg,Onychomycosis,523.7544533649526,1,1.0638297872340425
Onychomycosis\distal-subungual-onychomycosis-22_jpg.rf.8f956ec348e79443f5ce078a2851242f.jpg,Onychomycosis,454.93362954395946,1,1.048951048951049
Onychomycosis\distal-subungual-onychomycosis-22_jpg.rf.fc2084ff8aca2fca367ceee1a09e3d13.jpg,Onychomycosis,491.4227685019123,1,1.048951048951049
Onychomycosis\distal-subungual-onychomycosis-23_jpg.rf.d3dd1fdfe57f588a22a7e7d727c880ee.jpg,Onychomycosis,469.37978846981684,1,1.1203007518796992
Onychomycosis\distal-subungual-onychomycosis-23_jpg.rf.d816bf7e2b2e3c0f2e3fd605ecbb8393.jpg,Onychomycosis,444.09848741710516,1,1.112781954887218
Onychomycosis\distal-subungual-onychomycosis-23_jpg.rf.d9cfce6cb2af1b0715166c2f2a8b7f0d.jpg,Onychomycosis,436.2248654129351,1,1.1203007518796992
Onychomycosis\distal-subungual-onychomycosis-24_jpg.rf.1f6564a3c3b760fc94beafb626a150ad.jpg,Onychomycosis,536.8827928378961,2,1.1370967741935485
Onychomycosis\distal-subungual-onychomycosis-24_jpg.rf.4b45e37830a805e7395d781035c17553.jpg,Onychomycosis,467.63791521174136,4,1.153225806451613
Onychomycosis\distal-subungual-onychomycosis-24_jpg.rf.72d46e730ebfac270b2f8b2be9e3e4a9.jpg,Onychomycosis,492.5891319587014,2,1.1612903225806452
Onychomycosis\distal-subungual-onychomycosis-25_jpg.rf.39acff7750ee0b4e01edcd23f72a3e59.jpg,Onychomycosis,649.944267050557,3,1.192
Pitting\10pitting.png,Pitting,601.3956055512591,9,0.8933333333333333
Pitting\11pitting.png,Pitting,489.9295138251225,9,2.830188679245283
Pitting\12pitting.png,Pitting,633.2057993561181,3,0.7622377622377622
Pitting\13pitting.png,Pitting,614.7001809179853,7,0.9230769230769231
Pitting\14pitting.png,Pitting,511.46731380484766,5,1.0714285714285714
Pitting\15pitting.png,Pitting,534.2027449984405,4,0.8857142857142857
Pitting\16pitting.png,Pitting,553.1239462548644,14,1.2605042016806722
Pitting\17pitting.png,Pitting,625.5190747939097,2,1.0
Pitting\18pitting.png,Pitting,560.6513777148139,19,1.1929824561403508
Pitting\19pitting.png,Pitting,698.0144773406512,15,0.9
Pitting\1pitting.png,Pitting,794.4011167855544,10,2.3488372093023258
Pitting\20pitting.png,Pitting,619.4229880722253,20,1.0932203389830508
Pitting\21pitting.png,Pitting,737.8788029414156,10,0.8066666666666666
Pitting\22pitting.png,Pitting,514.2997160550428,2,1.0909090909090908
Pitting\23pitting.png,Pitting,446.4515836064032,3,1.0869565217391304
Pitting\24pitting.png,Pitting,454.5182169866656,2,0.9793103448275862
Pitting\25pitting.png,Pitting,554.1864620523978,8,1.0071942446043165
Pitting\26pitting.png,Pitting,457.8835557032256,5,1.1627906976744187
Pitting\27pitting.png,Pitting,463.94789919930037,11,1.2826086956521738
Pitting\28pitting.png,Pitting,523.9949659864633,3,1.1574803149606299
Pitting\29pitting.png,Pitting,489.90416212806724,1,0.9733333333333334
Pitting\2pitting.png,Pitting,606.0442822380511,1,1.2131147540983607
Pitting\30pitting.png,Pitting,428.19071508766183,3,1.2
Pitting\31pitting.png,Pitting,305.68385714956975,2,1.0135135135135136
Pitting\32pitting.png,Pitting,756.4658434319829,9,1.056338028169014
Pitting\33pitting.png,Pitting,606.07849967533,8,0.84
Pitting\34pitting.png,Pitting,472.6726426239799,20,0.7397260273972602
Pitting\35pitting.png,Pitting,330.75472584021406,10,0.6712328767123288
Pitting\3pitting.png,Pitting,636.3154277574565,7,0.86
Pitting\4pitting.png,Pitting,862.4675168399425,2,1.0
Pitting\5pitting.png,Pitting,408.2933617249003,3,1.171875
Pitting\6pitting.png,Pitting,696.2426331229406,1,0.9666666666666667
Pitting\7pitting.png,Pitting,641.3794125093159,1,0.9133333333333333
Pitting\8pitting.png,Pitting,757.0185542868168,19,1.8987341772151898
Pitting\9pitting.png,Pitting,545.587875144605,7,0.8733333333333333
Psoriasis\Ps_Nails2_550_344_70_http_www-pcds-org-ukeeassetsimgwatermark-gif_0_0_80_r_b_-5_-5__jpg.rf.610445f1dfd52f5a5272d8df751a6a0e.jpg,Psoriasis,1095.5406257213451,39,0.9266666666666666
Psoriasis\Psoriasis_nail_knuck1_jpg.rf.2edfc52a587cfb9c16e055c9e1b4c31c.jpg,Psoriasis,808.0189726001026,2,1.0
Psoriasis\istockphoto-1439441462-612x6122.jpg,Psoriasis,299.41934847665226,4,1.0
Psoriasis\istockphoto-1439441462-612x6123.jpg,Psoriasis,345.05717742783446,3,0.68
Psoriasis\istockphoto-1439441462-612x6124.jpg,Psoriasis,308.4394422981209,1,0.76
Psoriasis\onych-ps__WatermarkedWyJXYXRlcm1hcmtlZCJd.jpg,Psoriasis,422.69235425860336,4,0.8208955223880597
Psoriasis\onych-ps__WatermarkedWyJXYXRlcm1hcmtlZCJd1.jpg,Psoriasis,374.02353996698474,8,0.7107438016528925
Psoriasis\onych-ps__WatermarkedWyJXYXRlcm1hcmtlZCJd2.jpg,Psoriasis,406.94595620944847,8,0.5567010309278351
Psoriasis\onych-ps__WatermarkedWyJXYXRlcm1hcmtlZCJd3.jpg,Psoriasis,406.94595620944847,8,0.5567010309278351
Psoriasis\ps-nails2_jpg.rf.b0604b0902308cd14a0b6b013560cf31c.jpg,Psoriasis,548.5831347093925,3,0.9057971014492754
Psoriasis\ps-nails2_jpg.rf.b0604b0902308cd14a0b6b013560cf3c.jpg,Psoriasis,515.8903153025141,3,0.9158878504672897
Psoriasis\ps-nails_jpg.rf.25edd7a881433cee0e38a4e77b14.jpg,Psoriasis,615.941062386821,1,0.8888888888888888
Psoriasis\ps-nails_jpg.rf.25edd7a881433cee0e38a4e77b90714.jpg,Psoriasis,399.0143894368856,1,1.0
Psoriasis\ps-nails_jpg.rf.25edd7a881433cee0e38a4e77b9d07112.jpg,Psoriasis,686.8083184805141,2,1.135135135135135
Psoriasis\ps-nails_jpg.rf.25edd7a881433cee0e38a4e77b9d0714.jpg,Psoriasis,603.8590105241334,3,1.1559633027522935
Psoriasis\ps-nails_jpg.rf.25edd7a881433cee0e38a4e77b9d07141.jpg,Psoriasis,666.229774217687,2,1.034965034965035
Psoriasis\ps-nails_jpg.rf.25edd7a881433cee0e38a4e77b9d071412.jpg,Psoriasis,553.589317348128,1,0.9571428571428572
Psoriasis\psonail_jpg.rf.4d936d8ee1407eefcbcbcf1dea7984b6.jpg,Psoriasis,422.24372831703886,5,1.0
Psoriasis\psonail_jpg.rf.e6bcfcd96264554718296891f30da09b.jpg,Psoriasis,400.0059822391787,5,1.0
Psoriasis\psor21b_jpg.rf.93a79cfbfd82c1ac029f6c618b0c21714.jpg,Psoriasis,831.1878308189089,4,0.8978102189781022
Psoriasis\psor21b_jpg.rf.93a79cfbfd82c1ac029f6c618b0c2174.jpg,Psoriasis,819.7949995065737,2,0.8666666666666667
Psoriasis\psoriasi91_jpg.rf.e0308392d34f02a88fe32d1c107c43a0.jpg,Psoriasis,856.4735698599774,2,1.2434782608695651
Psoriasis\psoriasis_JPG.rf.bce66ea704b362cd15591d3ce17b46b5.jpg,Psoriasis,480.48531104680086,1,1.1428571428571428
Psoriasis\psoriasis_JPG.rf.e89ce1a9eff7e78414a41d8a6bfd907e.jpg,Psoriasis,531.675263226365,1,1.1523809523809523
Psoriasis\psoriasis_nail10_jpg.rf.9f7db1f2fa044f1c608627c70a029474.jpg,Psoriasis,646.3058093586998,3,1.106060606060606
Psoriasis\psoriasis_nail5_jpg.rf.97ebb431a17b36261a64d1593f6c0bc7.jpg,Psoriasis,745.704291663917,1,0.9933333333333333
Psoriasis\psoriasis_nail5_jpg.rf.a3c17d07deef2a4a37e5e950e3f40b7f.jpg,Psoriasis,597.0886588415574,1,0.9933333333333333
Psoriasis\psoriasis_nail6_jpg.rf.1347f2f61ea42cd72788491f20e4b8.jpg,Psoriasis,642.4808635173385,3,0.8571428571428571
Psoriasis\psoriasis_nail6_jpg.rf.1347f2f61ea42cd72788491f2f90e4b8.jpg,Psoriasis,615.5115799571029,2,0.7666666666666667
Psoriasis\psoriasis_nail6_jpg.rf.2b6a396c4f450cdb249ffadcac29b524.jpg,Psoriasis,648.8792623455781,4,0.9305555555555556
Psoriasis\psoriasis_nail7_jpg.rf.e2c6eb4d55bcb571bee2bf6ade8.jpg,Psoriasis,412.36840020345903,5,1.2307692307692308
Psoriasis\psoriasis_nail7_jpg.rf.e2c6eb4d55bcb571bee2bf6adf6e218.jpg,Psoriasis,557.9855002849246,8,0.8425925925925926
Psoriasis\psoriasis_nail7_jpg.rf.e2c6eb4d55bcb571bee2bf6adf6e2187.jpg,Psoriasis,504.31216961319916,5,1.4505494505494505
Psoriasis\psoriasis_nail7_jpg.rf.e2c6eb4d55bcb571bee2bf6adf6e8.jpg,Psoriasis,593.8168693139817,11,1.4285714285714286
Psoriasis\psoriasis_nail_005_jpg.rf.7dac0a087ca0275c3d7492bd3d3d2aed.jpg,Psoriasis,728.1497404698422,6,1.3904761904761904
White Nail (Leukonychia)\Screenshot 2025-10-10 at 3.48.38 PM.png,White Nail (Leukonychia),405.6632483067872,8,1.0
White Nail (Leukonychia)\Screenshot 2025-10-10 at 3.51.11 PM.png,White Nail (Leukonychia),637.1149646296849,2,0.6928571428571428
White Nail (Leukonychia)\Screenshot 2025-10-10 at 3.51.15 PM.png,White Nail (Leukonychia),521.9821673534955,1,0.7533333333333333
White Nail (Leukonychia)\Screenshot 2025-10-10 at 3.51.21 PM.png,White Nail (Leukonychia),593.404046492911,2,0.8805970149253731
White Nail (Leukonychia)\Screenshot 2025-10-10 at 3.51.25 PM.png,White Nail (Leukonychia),556.0291415833435,5,0.7981651376146789
White Nail (Leukonychia)\Screenshot 2025-10-10 at 3.51.30 PM.png,White Nail (Leukonychia),536.4203917798649,3,1.0
White Nail (Leukonychia)\Screenshot 2025-10-10 at 3.51.40 PM.png,White Nail (Leukonychia),392.14395130752746,6,1.1101694915254237
White Nail (Leukonychia)\Screenshot 2025-10-10 at 3.51.54 PM.png,White Nail (Leukonychia),667.9712419445319,1,0.94
White Nail (Leukonychia)\Screenshot 2025-10-10 at 3.51.59 PM.png,White Nail (Leukonychia),659.2187835690202,2,0.8985507246376812
White Nail (Leukonychia)\Screenshot 2025-10-10 at 3.52.27 PM.png,White Nail (Leukonychia),388.32346903798197,5,1.0
White Nail (Leukonychia)\Screenshot 2025-10-10 at 3.52.31 PM.png,White Nail (Leukonychia),496.637051766837,5,1.0617283950617284
White Nail (Leukonychia)\Screenshot 2025-10-10 at 3.52.35 PM.png,White Nail (Leukonychia),427.54389113817876,4,1.0869565217391304
White Nail (Leukonychia)\Screenshot 2025-10-10 at 3.52.56 PM.png,White Nail (Leukonychia),574.0744934774254,2,1.0610687022900764
White Nail (Leukonychia)\Screenshot 2025-10-10 at 3.53.33 PM.png,White Nail (Leukonychia),493.0639482052348,1,0.9931972789115646
White Nail (Leukonychia)\Screenshot 2025-10-10 at 3.53.37 PM.png,White Nail (Leukonychia),519.668474159577,1,0.9
White Nail (Leukonychia)\Screenshot 2025-10-10 at 3.54.20 PM.png,White Nail (Leukonychia),428.9006580421239,14,0.9083333333333333
White Nail (Leukonychia)\Screenshot 2025-10-10 at 3.54.23 PM.png,White Nail (Leukonychia),469.5910950943025,2,1.2241379310344827
White Nail (Leukonychia)\Screenshot 2025-10-10 at 3.54.36 PM.png,White Nail (Leukonychia),456.01766604958823,3,0.8702290076335878
White Nail (Leukonychia)\Screenshot 2025-10-10 at 3.54.40 PM.png,White Nail (Leukonychia),449.38512349955454,2,1.0634920634920635
White Nail (Leukonychia)\Screenshot 2025-10-10 at 3.55.02 PM.png,White Nail (Leukonychia),210.89107930074695,8,0.7244897959183674
White Nail (Leukonychia)\Screenshot 2025-10-10 at 3.55.05 PM.png,White Nail (Leukonychia),303.6970769439176,5,1.0
White Nail (Leukonychia)\Screenshot 2025-10-10 at 3.55.32 PM.png,White Nail (Leukonychia),502.96833672411344,8,0.9469026548672567
White Nail (Leukonychia)\Screenshot 2025-10-10 at 3.56.03 PM.png,White Nail (Leukonychia),534.2120385894542,9,1.0
White Nail (Leukonychia)\Screenshot 2025-10-10 at 3.56.10 PM.png,White Nail (Leukonychia),497.23313041444163,2,0.9333333333333333
White Nail (Leukonychia)\Screenshot 2025-10-10 at 3.56.13 PM.png,White Nail (Leukonychia),550.7338883783693,2,0.9866666666666667
White Nail (Leukonychia)\Screenshot 2025-10-10 at 3.56.22 PM.png,White Nail (Leukonychia),372.78887375738594,4,1.2100840336134453
White Nail (Leukonychia)\Screenshot 2025-10-10 at 3.56.45 PM.png,White Nail (Leukonychia),635.341497629697,4,1.0
White Nail (Leukonychia)\Screenshot 2025-10-10 at 3.57.28 PM.png,White Nail (Leukonychia),486.99543117821617,1,1.0204081632653061
White Nail (Leukonychia)\Screenshot 2025-10-10 at 3.58.00 PM.png,White Nail (Leukonychia),584.1376189134922,6,1.171875
White Nail (Leukonychia)\Screenshot 2025-10-10 at 3.58.06 PM.png,White Nail (Leukonychia),643.1580645300951,3,1.3737373737373737
White Nail (Leukonychia)\Screenshot 2025-10-10 at 3.58.08 PM.png,White Nail (Leukonychia),550.6103695389165,15,0.42
White Nail (Leukonychia)\Screenshot 2025-10-10 at 3.58.25 PM.png,White Nail (Leukonychia),342.0243615793676,1,1.0
White Nail (Leukonychia)\Screenshot 2025-10-10 at 3.58.37 PM.png,White Nail (Leukonychia),510.8798265865595,6,0.8292682926829268
White Nail (Leukonychia)\Screenshot 2025-10-10 at 3.58.53 PM.png,White Nail (Leukonychia),499.4272617431455,3,0.7619047619047619
White Nail (Leukonychia)\Screenshot 2025-10-10 at 3.58.56 PM.png,White Nail (Leukonychia),591.7628016939718,1,0.9533333333333334
Yellow Nail\Screenshot 2025-10-10 at 3.23.25 PM.png,Yellow Nail,391.7742559848536,4,1.0869565217391304
Yellow Nail\Screenshot 2025-10-10 at 3.23.39 PM.png,Yellow Nail,575.5235317190075,3,1.5444444444444445
Yellow Nail\Screenshot 2025-10-10 at 3.23.48 PM.png,Yellow Nail,453.50682568343007,2,1.0
Yellow Nail\Screenshot 2025-10-10 at 3.24.04 PM.png,Yellow Nail,564.0559114433138,22,0.84
Yellow Nail\Screenshot 2025-10-10 at 3.24.10 PM.png,Yellow Nail,434.50038713280287,1,1.0638297872340425
Yellow Nail\Screenshot 2025-10-10 at 3.24.17 PM.png,Yellow Nail,471.69437424744353,1,1.0
Yellow Nail\Screenshot 2025-10-10 at 3.24.25 PM.png,Yellow Nail,491.8040300196463,4,1.0567375886524824
Yellow Nail\Screenshot 2025-10-10 at 3.24.54 PM.png,Yellow Nail,455.32310536169825,2,1.0330578512396693
Yellow Nail\Screenshot 2025-10-10 at 3.25.03 PM.png,Yellow Nail,700.211855162412,3,1.3541666666666667
Yellow Nail\Screenshot 2025-10-10 at 3.25.18 PM.png,Yellow Nail,612.7213860887077,1,1.198019801980198
Yellow Nail\Screenshot 2025-10-10 at 3.25.42 PM.png,Yellow Nail,575.4254056248834,3,0.9830508474576272
Yellow Nail\Screenshot 2025-10-10 at 3.27.10 PM.png,Yellow Nail,541.5868040740966,2,1.056338028169014
Yellow Nail\Screenshot 2025-10-10 at 3.27.15 PM.png,Yellow Nail,421.7413883112965,2,1.0
Yellow Nail\Screenshot 2025-10-10 at 3.27.43 PM.png,Yellow Nail,482.69073209895475,1,1.048951048951049
Yellow Nail\Screenshot 2025-10-10 at 3.27.50 PM.png,Yellow Nail,518.3205803296447,5,0.9788732394366197
Yellow Nail\Screenshot 2025-10-10 at 3.29.24 PM.png,Yellow Nail,491.5248522524461,2,1.0
Yellow Nail\Screenshot 2025-10-10 at 3.30.08 PM.png,Yellow Nail,451.70009331720945,4,1.105263157894737
Yellow Nail\Screenshot 2025-10-10 at 3.31.20 PM.png,Yellow Nail,561.9920970688308,14,0.7978723404255319
Yellow Nail\Screenshot 2025-10-10 at 3.31.25 PM.png,Yellow Nail,617.4850795560669,6,0.84
Yellow Nail\Screenshot 2025-10-10 at 3.31.37 PM.png,Yellow Nail,282.2399488563362,1,0.84
Yellow Nail\Screenshot 2025-10-10 at 3.31.51 PM.png,Yellow Nail,541.6734318246622,9,1.0
Yellow Nail\Screenshot 2025-10-10 at 3.31.54 PM.png,Yellow Nail,547.5839185228742,9,2.8846153846153846
Yellow Nail\Screenshot 2025-10-10 at 3.32.08 PM.png,Yellow Nail,515.5041818782689,2,2.111111111111111
Yellow Nail\Screenshot 2025-10-10 at 3.32.11 PM.png,Yellow Nail,560.3479426277081,2,1.5444444444444445
Yellow Nail\Screenshot 2025-10-10 at 3.32.29 PM.png,Yellow Nail,631.2917165296453,1,1.2096774193548387
Yellow Nail\Screenshot 2025-10-10 at 3.32.32 PM.png,Yellow Nail,636.3818331771587,2,1.0962962962962963
Yellow Nail\Screenshot 2025-10-10 at 3.32.37 PM.png,Yellow Nail,802.4822549081849,2,1.728395061728395
Yellow Nail\Screenshot 2025-10-10 at 3.32.45 PM.png,Yellow Nail,792.9672738186896,2,1.2232142857142858
Yellow Nail\Screenshot 2025-10-10 at 3.32.49 PM.png,Yellow Nail,683.1666532256113,2,1.233644859813084
Yellow Nail\Screenshot 2025-10-10 at 3.33.37 PM.png,Yellow Nail,375.4763588492211,1,0.98
Yellow Nail\Screenshot 2025-10-10 at 3.33.41 PM.png,Yellow Nail,471.05553833649714,1,1.0
Yellow Nail\Screenshot 2025-10-10 at 3.33.59 PM.png,Yellow Nail,455.0153880824221,1,1.0
Yellow Nail\Screenshot 2025-10-10 at 3.34.02 PM.png,Yellow Nail,339.58474601207945,3,0.8933333333333333
Yellow Nail\Screenshot 2025-10-10 at 3.34.23 PM.png,Yellow Nail,285.5649640336192,2,1.0
Yellow Nail\Screenshot 2025-10-10 at 3.34.27 PM.png,Yellow Nail,313.0733041390159,3,1.0
